[
    {
        "key": "group_59ee399bda610",
        "title": "Home Page Content",
        "fields": [
            {
                "key": "field_59ee399be1244",
                "label": "Home Page Content",
                "name": "home_page_content",
                "type": "flexible_content",
                "value": null,
                "instructions": "",
                "required": 0,
                "conditional_logic": 0,
                "wrapper": {
                    "width": "",
                    "class": "",
                    "id": ""
                },
                "layouts": {
                    "59ee27dc1ab2d": {
                        "key": "59ee27dc1ab2d",
                        "name": "pink_block",
                        "label": "Text and Link Block",
                        "display": "block",
                        "sub_fields": [
                            {
                                "key": "field_59ee399be3d43",
                                "label": "Big Text",
                                "name": "pink_block_text",
                                "type": "text",
                                "value": null,
                                "instructions": "",
                                "required": 0,
                                "conditional_logic": 0,
                                "wrapper": {
                                    "width": "",
                                    "class": "",
                                    "id": ""
                                },
                                "default_value": "text text text text text",
                                "placeholder": "",
                                "prepend": "",
                                "append": "",
                                "maxlength": ""
                            },
                            {
                                "key": "field_59ee399be4127",
                                "label": "Link Text",
                                "name": "PinkBlock_linktext",
                                "type": "text",
                                "value": null,
                                "instructions": "",
                                "required": 0,
                                "conditional_logic": 0,
                                "wrapper": {
                                    "width": "",
                                    "class": "",
                                    "id": ""
                                },
                                "default_value": "About Us \/ Contact Us",
                                "placeholder": "",
                                "prepend": "",
                                "append": "",
                                "maxlength": ""
                            },
                            {
                                "key": "field_59ee399be4510",
                                "label": "LinkLocation",
                                "name": "pinkBlock_linklocation",
                                "type": "page_link",
                                "value": null,
                                "instructions": "",
                                "required": 0,
                                "conditional_logic": 0,
                                "wrapper": {
                                    "width": "",
                                    "class": "",
                                    "id": ""
                                },
                                "post_type": [
                                    "page"
                                ],
                                "taxonomy": [],
                                "allow_null": 0,
                                "allow_archives": 1,
                                "multiple": 0
                            },
                            {
                                "key": "field_59ee399be48ff",
                                "label": "Background Color",
                                "name": "pink_block_background_color",
                                "type": "color_picker",
                                "value": null,
                                "instructions": "",
                                "required": 0,
                                "conditional_logic": 0,
                                "wrapper": {
                                    "width": "",
                                    "class": "",
                                    "id": ""
                                },
                                "default_value": "#FF7869"
                            },
                            {
                                "key": "field_59ee399be4ce3",
                                "label": "Text Color",
                                "name": "pinkBlock_text_color",
                                "type": "color_picker",
                                "value": null,
                                "instructions": "",
                                "required": 0,
                                "conditional_logic": 0,
                                "wrapper": {
                                    "width": "",
                                    "class": "",
                                    "id": ""
                                },
                                "default_value": "#ffffff"
                            }
                        ],
                        "min": "",
                        "max": ""
                    },
                    "59ee27f80992d": {
                        "key": "59ee27f80992d",
                        "name": "word_block",
                        "label": "Words and buttons Block",
                        "display": "block",
                        "sub_fields": [
                            {
                                "key": "field_59ee399be50cb",
                                "label": "Big Text",
                                "name": "wordBar_text",
                                "type": "text",
                                "value": null,
                                "instructions": "",
                                "required": 0,
                                "conditional_logic": 0,
                                "wrapper": {
                                    "width": "",
                                    "class": "",
                                    "id": ""
                                },
                                "default_value": "",
                                "placeholder": "",
                                "prepend": "",
                                "append": "",
                                "maxlength": ""
                            }
                        ],
                        "min": "",
                        "max": ""
                    },
                    "59ee28170992e": {
                        "key": "59ee28170992e",
                        "name": "project_grid",
                        "label": "Project Grid",
                        "display": "block",
                        "sub_fields": [],
                        "min": "",
                        "max": ""
                    },
                    "59ee3a5e9abb2": {
                        "key": "59ee3a5e9abb2",
                        "name": "three_projects",
                        "label": "three project layout ",
                        "display": "block",
                        "sub_fields": [],
                        "min": "",
                        "max": ""
                    }
                },
                "button_label": "Add Row",
                "min": "",
                "max": ""
            }
        ],
        "location": [
            [
                {
                    "param": "page_type",
                    "operator": "==",
                    "value": "front_page"
                }
            ]
        ],
        "menu_order": 0,
        "position": "normal",
        "style": "default",
        "label_placement": "top",
        "instruction_placement": "label",
        "hide_on_screen": "",
        "active": 1,
        "description": ""
    },
    {
        "key": "group_59ee279e98ece",
        "title": "Project Page Content",
        "fields": [
            {
                "key": "field_59ee27c20992c",
                "label": "Project Page Content",
                "name": "project_page_content",
                "type": "flexible_content",
                "value": null,
                "instructions": "",
                "required": 0,
                "conditional_logic": 0,
                "wrapper": {
                    "width": "",
                    "class": "",
                    "id": ""
                },
                "layouts": {
                    "59ee27dc1ab2d": {
                        "key": "59ee27dc1ab2d",
                        "name": "pink_block",
                        "label": "Text and Link Block",
                        "display": "block",
                        "sub_fields": [
                            {
                                "key": "field_59ee288bfb9b0",
                                "label": "Big Text",
                                "name": "pink_block_text",
                                "type": "text",
                                "value": null,
                                "instructions": "",
                                "required": 0,
                                "conditional_logic": 0,
                                "wrapper": {
                                    "width": "",
                                    "class": "",
                                    "id": ""
                                },
                                "default_value": "text text text text text",
                                "placeholder": "",
                                "prepend": "",
                                "append": "",
                                "maxlength": ""
                            },
                            {
                                "key": "field_59ee33a75aa1d",
                                "label": "Link Text",
                                "name": "PinkBlock_linktext",
                                "type": "text",
                                "value": null,
                                "instructions": "",
                                "required": 0,
                                "conditional_logic": 0,
                                "wrapper": {
                                    "width": "",
                                    "class": "",
                                    "id": ""
                                },
                                "default_value": "About Us \/ Contact Us",
                                "placeholder": "",
                                "prepend": "",
                                "append": "",
                                "maxlength": ""
                            },
                            {
                                "key": "field_59ee342c5aa1f",
                                "label": "LinkLocation",
                                "name": "pinkBlock_linklocation",
                                "type": "page_link",
                                "value": null,
                                "instructions": "",
                                "required": 0,
                                "conditional_logic": 0,
                                "wrapper": {
                                    "width": "",
                                    "class": "",
                                    "id": ""
                                },
                                "post_type": [
                                    "page"
                                ],
                                "taxonomy": [],
                                "allow_null": 0,
                                "allow_archives": 1,
                                "multiple": 0
                            },
                            {
                                "key": "field_59ee36f04fac4",
                                "label": "Background Color",
                                "name": "pink_block_background_color",
                                "type": "color_picker",
                                "value": null,
                                "instructions": "",
                                "required": 0,
                                "conditional_logic": 0,
                                "wrapper": {
                                    "width": "",
                                    "class": "",
                                    "id": ""
                                },
                                "default_value": "#FF7869"
                            },
                            {
                                "key": "field_59ee382d4675d",
                                "label": "Text Color",
                                "name": "pinkBlock_text_color",
                                "type": "color_picker",
                                "value": null,
                                "instructions": "",
                                "required": 0,
                                "conditional_logic": 0,
                                "wrapper": {
                                    "width": "",
                                    "class": "",
                                    "id": ""
                                },
                                "default_value": "#ffffff"
                            }
                        ],
                        "min": "",
                        "max": ""
                    },
                    "59ee27f80992d": {
                        "key": "59ee27f80992d",
                        "name": "word_block",
                        "label": "Words and buttons Block",
                        "display": "block",
                        "sub_fields": [
                            {
                                "key": "field_59ee2c24b9824",
                                "label": "Big Text",
                                "name": "wordBar_text",
                                "type": "text",
                                "value": null,
                                "instructions": "",
                                "required": 0,
                                "conditional_logic": 0,
                                "wrapper": {
                                    "width": "",
                                    "class": "",
                                    "id": ""
                                },
                                "default_value": "",
                                "placeholder": "",
                                "prepend": "",
                                "append": "",
                                "maxlength": ""
                            },
                            {
                                "key": "field_59ee34275aa1e",
                                "label": "",
                                "name": "",
                                "type": "text",
                                "value": null,
                                "instructions": "",
                                "required": 0,
                                "conditional_logic": 0,
                                "wrapper": {
                                    "width": "",
                                    "class": "",
                                    "id": ""
                                },
                                "default_value": "",
                                "placeholder": "",
                                "prepend": "",
                                "append": "",
                                "maxlength": ""
                            }
                        ],
                        "min": "",
                        "max": ""
                    },
                    "59ee28170992e": {
                        "key": "59ee28170992e",
                        "name": "project_grid",
                        "label": "Project Grid",
                        "display": "block",
                        "sub_fields": [],
                        "min": "",
                        "max": ""
                    }
                },
                "button_label": "Add Row",
                "min": "",
                "max": ""
            }
        ],
        "location": [
            [
                {
                    "param": "page_template",
                    "operator": "==",
                    "value": "project_page.php"
                }
            ]
        ],
        "menu_order": 0,
        "position": "normal",
        "style": "default",
        "label_placement": "top",
        "instruction_placement": "label",
        "hide_on_screen": "",
        "active": 1,
        "description": ""
    }
]