[
    {
        "key": "group_59ee399bda610",
        "title": "Home Page Content",
        "fields": [
            {
                "key": "field_59ee399be1244",
                "label": "Home Page Content",
                "name": "home_page_content",
                "type": "flexible_content",
                "value": null,
                "instructions": "",
                "required": 0,
                "conditional_logic": 0,
                "wrapper": {
                    "width": "",
                    "class": "",
                    "id": ""
                },
                "layouts": {
                    "59ee27dc1ab2d": {
                        "key": "59ee27dc1ab2d",
                        "name": "pink_block",
                        "label": "Text and Link Block",
                        "display": "block",
                        "sub_fields": [
                            {
                                "key": "field_59ee399be3d43",
                                "label": "Big Text",
                                "name": "pink_block_text",
                                "type": "text",
                                "value": null,
                                "instructions": "",
                                "required": 0,
                                "conditional_logic": 0,
                                "wrapper": {
                                    "width": "",
                                    "class": "",
                                    "id": ""
                                },
                                "default_value": "text text text text text",
                                "placeholder": "",
                                "prepend": "",
                                "append": "",
                                "maxlength": ""
                            },
                            {
                                "key": "field_59ee399be4127",
                                "label": "Link Text",
                                "name": "PinkBlock_linktext",
                                "type": "text",
                                "value": null,
                                "instructions": "",
                                "required": 0,
                                "conditional_logic": 0,
                                "wrapper": {
                                    "width": "",
                                    "class": "",
                                    "id": ""
                                },
                                "default_value": "About Us \/ Contact Us",
                                "placeholder": "",
                                "prepend": "",
                                "append": "",
                                "maxlength": ""
                            },
                            {
                                "key": "field_59ee399be4510",
                                "label": "LinkLocation",
                                "name": "pinkBlock_linklocation",
                                "type": "page_link",
                                "value": null,
                                "instructions": "",
                                "required": 0,
                                "conditional_logic": 0,
                                "wrapper": {
                                    "width": "",
                                    "class": "",
                                    "id": ""
                                },
                                "post_type": [
                                    "page"
                                ],
                                "taxonomy": [],
                                "allow_null": 0,
                                "allow_archives": 1,
                                "multiple": 0
                            },
                            {
                                "key": "field_59ee399be48ff",
                                "label": "Background Color",
                                "name": "pink_block_background_color",
                                "type": "color_picker",
                                "value": null,
                                "instructions": "",
                                "required": 0,
                                "conditional_logic": 0,
                                "wrapper": {
                                    "width": "",
                                    "class": "",
                                    "id": ""
                                },
                                "default_value": "#FF7869"
                            },
                            {
                                "key": "field_59ee399be4ce3",
                                "label": "Text Color",
                                "name": "pinkBlock_text_color",
                                "type": "color_picker",
                                "value": null,
                                "instructions": "",
                                "required": 0,
                                "conditional_logic": 0,
                                "wrapper": {
                                    "width": "",
                                    "class": "",
                                    "id": ""
                                },
                                "default_value": "#ffffff"
                            }
                        ],
                        "min": "",
                        "max": ""
                    },
                    "59ee27f80992d": {
                        "key": "59ee27f80992d",
                        "name": "word_block",
                        "label": "Words and buttons Block",
                        "display": "block",
                        "sub_fields": [
                            {
                                "key": "field_59ee399be50cb",
                                "label": "Big Text",
                                "name": "wordBar_text",
                                "type": "text",
                                "value": null,
                                "instructions": "",
                                "required": 0,
                                "conditional_logic": 0,
                                "wrapper": {
                                    "width": "",
                                    "class": "",
                                    "id": ""
                                },
                                "default_value": "",
                                "placeholder": "",
                                "prepend": "",
                                "append": "",
                                "maxlength": ""
                            }
                        ],
                        "min": "",
                        "max": ""
                    },
                    "59ee28170992e": {
                        "key": "59ee28170992e",
                        "name": "project_grid",
                        "label": "Project Grid",
                        "display": "block",
                        "sub_fields": [],
                        "min": "",
                        "max": ""
                    },
                    "59ee3a5e9abb2": {
                        "key": "59ee3a5e9abb2",
                        "name": "three_projects",
                        "label": "three project layout ",
                        "display": "block",
                        "sub_fields": [
                            {
                                "key": "field_5a021c034e8d7",
                                "label": "Image One",
                                "name": "three_project_layout_images_one",
                                "type": "image",
                                "value": null,
                                "instructions": "Upload your image here!",
                                "required": 1,
                                "conditional_logic": 0,
                                "wrapper": {
                                    "width": "",
                                    "class": "",
                                    "id": ""
                                },
                                "return_format": "url",
                                "preview_size": "thumbnail",
                                "library": "all",
                                "min_width": "",
                                "min_height": "",
                                "min_size": "",
                                "max_width": "",
                                "max_height": "",
                                "max_size": "",
                                "mime_types": ""
                            },
                            {
                                "key": "field_5a021fe632040",
                                "label": "Project One Title",
                                "name": "three_project_one_title",
                                "type": "text",
                                "value": null,
                                "instructions": "Enter Project 1's title here.",
                                "required": 1,
                                "conditional_logic": 0,
                                "wrapper": {
                                    "width": "",
                                    "class": "",
                                    "id": ""
                                },
                                "default_value": "",
                                "placeholder": "Title here",
                                "prepend": "",
                                "append": "",
                                "maxlength": 40
                            },
                            {
                                "key": "field_5a02212ba78b8",
                                "label": "Project One Date",
                                "name": "three_project_one_date",
                                "type": "date_picker",
                                "value": null,
                                "instructions": "",
                                "required": 1,
                                "conditional_logic": 0,
                                "wrapper": {
                                    "width": "",
                                    "class": "",
                                    "id": ""
                                },
                                "display_format": "m\/d\/Y",
                                "return_format": "m\/d\/Y",
                                "first_day": 1
                            },
                            {
                                "key": "field_5a022299dd3b6",
                                "label": "Project One Description",
                                "name": "three_project_one_description",
                                "type": "text",
                                "value": null,
                                "instructions": "Enter description here",
                                "required": 0,
                                "conditional_logic": 0,
                                "wrapper": {
                                    "width": "",
                                    "class": "",
                                    "id": ""
                                },
                                "default_value": "",
                                "placeholder": "",
                                "prepend": "",
                                "append": "",
                                "maxlength": ""
                            },
                            {
                                "key": "field_5a021e0bdcd85",
                                "label": "Image Two",
                                "name": "three_project_layout_images_two",
                                "type": "image",
                                "value": null,
                                "instructions": "Upload your image here!",
                                "required": 1,
                                "conditional_logic": 0,
                                "wrapper": {
                                    "width": "",
                                    "class": "",
                                    "id": ""
                                },
                                "return_format": "url",
                                "preview_size": "thumbnail",
                                "library": "all",
                                "min_width": "",
                                "min_height": "",
                                "min_size": "",
                                "max_width": "",
                                "max_height": "",
                                "max_size": "",
                                "mime_types": ""
                            },
                            {
                                "key": "field_5a02200932041",
                                "label": "Project Two Title",
                                "name": "three_project_two_title",
                                "type": "text",
                                "value": null,
                                "instructions": "Enter Project 2's title here.",
                                "required": 1,
                                "conditional_logic": 0,
                                "wrapper": {
                                    "width": "",
                                    "class": "",
                                    "id": ""
                                },
                                "default_value": "",
                                "placeholder": "Title here",
                                "prepend": "",
                                "append": "",
                                "maxlength": ""
                            },
                            {
                                "key": "field_5a022137a78b9",
                                "label": "Project Two Date",
                                "name": "three_project_two_date",
                                "type": "date_picker",
                                "value": null,
                                "instructions": "",
                                "required": 1,
                                "conditional_logic": 0,
                                "wrapper": {
                                    "width": "",
                                    "class": "",
                                    "id": ""
                                },
                                "display_format": "m\/d\/Y",
                                "return_format": "m\/d\/Y",
                                "first_day": 1
                            },
                            {
                                "key": "field_5a0222a6dd3b7",
                                "label": "Project Two Description",
                                "name": "three_project_two_description",
                                "type": "text",
                                "value": null,
                                "instructions": "Enter description here",
                                "required": 0,
                                "conditional_logic": 0,
                                "wrapper": {
                                    "width": "",
                                    "class": "",
                                    "id": ""
                                },
                                "default_value": "",
                                "placeholder": "",
                                "prepend": "",
                                "append": "",
                                "maxlength": ""
                            },
                            {
                                "key": "field_5a021e24dcd86",
                                "label": "Image Three",
                                "name": "three_project_layout_images_three",
                                "type": "image",
                                "value": null,
                                "instructions": "Upload your image here!",
                                "required": 1,
                                "conditional_logic": 0,
                                "wrapper": {
                                    "width": "",
                                    "class": "",
                                    "id": ""
                                },
                                "return_format": "url",
                                "preview_size": "thumbnail",
                                "library": "all",
                                "min_width": "",
                                "min_height": "",
                                "min_size": "",
                                "max_width": "",
                                "max_height": "",
                                "max_size": "",
                                "mime_types": ""
                            },
                            {
                                "key": "field_5a02200b32042",
                                "label": "Project Three Title",
                                "name": "three_project_three_title",
                                "type": "text",
                                "value": null,
                                "instructions": "Enter Project 3's title here.",
                                "required": 1,
                                "conditional_logic": 0,
                                "wrapper": {
                                    "width": "",
                                    "class": "",
                                    "id": ""
                                },
                                "default_value": "",
                                "placeholder": "Title here",
                                "prepend": "",
                                "append": "",
                                "maxlength": ""
                            },
                            {
                                "key": "field_5a02213da78ba",
                                "label": "Project Three Date",
                                "name": "three_project_three_date",
                                "type": "date_picker",
                                "value": null,
                                "instructions": "",
                                "required": 1,
                                "conditional_logic": 0,
                                "wrapper": {
                                    "width": "",
                                    "class": "",
                                    "id": ""
                                },
                                "display_format": "m\/d\/Y",
                                "return_format": "m\/d\/Y",
                                "first_day": 1
                            },
                            {
                                "key": "field_5a0222a9dd3b8",
                                "label": "Project Three Description",
                                "name": "three_project_three_description",
                                "type": "text",
                                "value": null,
                                "instructions": "Enter description here",
                                "required": 0,
                                "conditional_logic": 0,
                                "wrapper": {
                                    "width": "",
                                    "class": "",
                                    "id": ""
                                },
                                "default_value": "",
                                "placeholder": "",
                                "prepend": "",
                                "append": "",
                                "maxlength": ""
                            }
                        ],
                        "min": "",
                        "max": ""
                    }
                },
                "button_label": "Add Row",
                "min": "",
                "max": ""
            }
        ],
        "location": [
            [
                {
                    "param": "page_type",
                    "operator": "==",
                    "value": "front_page"
                }
            ]
        ],
        "menu_order": 0,
        "position": "normal",
        "style": "seamless",
        "label_placement": "top",
        "instruction_placement": "label",
        "hide_on_screen": "",
        "active": 1,
        "description": ""
    },
    {
        "key": "group_59ee279e98ece",
        "title": "Project Page Content",
        "fields": [
            {
                "key": "field_59ee27c20992c",
                "label": "Project Page Content",
                "name": "project_page_content",
                "type": "flexible_content",
                "value": null,
                "instructions": "",
                "required": 0,
                "conditional_logic": 0,
                "wrapper": {
                    "width": "",
                    "class": "",
                    "id": ""
                },
                "layouts": {
                    "59ee27dc1ab2d": {
                        "key": "59ee27dc1ab2d",
                        "name": "pink_block",
                        "label": "Text and Link Block",
                        "display": "block",
                        "sub_fields": [
                            {
                                "key": "field_59ee288bfb9b0",
                                "label": "Big Text",
                                "name": "pink_block_text",
                                "type": "text",
                                "value": null,
                                "instructions": "",
                                "required": 0,
                                "conditional_logic": 0,
                                "wrapper": {
                                    "width": "",
                                    "class": "",
                                    "id": ""
                                },
                                "default_value": "text text text text text",
                                "placeholder": "",
                                "prepend": "",
                                "append": "",
                                "maxlength": ""
                            },
                            {
                                "key": "field_59ee33a75aa1d",
                                "label": "Link Text",
                                "name": "PinkBlock_linktext",
                                "type": "text",
                                "value": null,
                                "instructions": "",
                                "required": 0,
                                "conditional_logic": 0,
                                "wrapper": {
                                    "width": "",
                                    "class": "",
                                    "id": ""
                                },
                                "default_value": "About Us \/ Contact Us",
                                "placeholder": "",
                                "prepend": "",
                                "append": "",
                                "maxlength": ""
                            },
                            {
                                "key": "field_59ee342c5aa1f",
                                "label": "LinkLocation",
                                "name": "pinkBlock_linklocation",
                                "type": "page_link",
                                "value": null,
                                "instructions": "",
                                "required": 0,
                                "conditional_logic": 0,
                                "wrapper": {
                                    "width": "",
                                    "class": "",
                                    "id": ""
                                },
                                "post_type": [
                                    "page"
                                ],
                                "taxonomy": [],
                                "allow_null": 0,
                                "allow_archives": 1,
                                "multiple": 0
                            },
                            {
                                "key": "field_59ee36f04fac4",
                                "label": "Background Color",
                                "name": "pink_block_background_color",
                                "type": "color_picker",
                                "value": null,
                                "instructions": "",
                                "required": 0,
                                "conditional_logic": 0,
                                "wrapper": {
                                    "width": "",
                                    "class": "",
                                    "id": ""
                                },
                                "default_value": "#FF7869"
                            },
                            {
                                "key": "field_59ee382d4675d",
                                "label": "Text Color",
                                "name": "pinkBlock_text_color",
                                "type": "color_picker",
                                "value": null,
                                "instructions": "",
                                "required": 0,
                                "conditional_logic": 0,
                                "wrapper": {
                                    "width": "",
                                    "class": "",
                                    "id": ""
                                },
                                "default_value": "#ffffff"
                            },
                            {
                                "key": "field_5a0228e50d6a8",
                                "label": "Project Grid",
                                "name": "project_grid",
                                "type": "text",
                                "value": null,
                                "instructions": "",
                                "required": 0,
                                "conditional_logic": 0,
                                "wrapper": {
                                    "width": "",
                                    "class": "",
                                    "id": ""
                                },
                                "default_value": "",
                                "placeholder": "",
                                "prepend": "",
                                "append": "",
                                "maxlength": ""
                            }
                        ],
                        "min": "",
                        "max": ""
                    },
                    "59ee27f80992d": {
                        "key": "59ee27f80992d",
                        "name": "word_block",
                        "label": "Words and buttons Block",
                        "display": "block",
                        "sub_fields": [
                            {
                                "key": "field_59ee2c24b9824",
                                "label": "Big Text",
                                "name": "wordBar_text",
                                "type": "text",
                                "value": null,
                                "instructions": "",
                                "required": 0,
                                "conditional_logic": 0,
                                "wrapper": {
                                    "width": "",
                                    "class": "",
                                    "id": ""
                                },
                                "default_value": "",
                                "placeholder": "",
                                "prepend": "",
                                "append": "",
                                "maxlength": ""
                            },
                            {
                                "key": "field_59ee34275aa1e",
                                "label": "",
                                "name": "",
                                "type": "text",
                                "value": null,
                                "instructions": "",
                                "required": 0,
                                "conditional_logic": 0,
                                "wrapper": {
                                    "width": "",
                                    "class": "",
                                    "id": ""
                                },
                                "default_value": "",
                                "placeholder": "",
                                "prepend": "",
                                "append": "",
                                "maxlength": ""
                            }
                        ],
                        "min": "",
                        "max": ""
                    },
                    "59ee28170992e": {
                        "key": "59ee28170992e",
                        "name": "project_grid",
                        "label": "Project Grid",
                        "display": "block",
                        "sub_fields": [],
                        "min": "",
                        "max": ""
                    },
                    "59ee5874e0f4e": {
                        "key": "59ee5874e0f4e",
                        "name": "photo_gallery",
                        "label": "Photo Gallery",
                        "display": "block",
                        "sub_fields": [
                            {
                                "key": "field_59ee588ee0f4f",
                                "label": "photos",
                                "name": "photo_gallery",
                                "type": "gallery",
                                "value": null,
                                "instructions": "Select Images to be shown in the gallery",
                                "required": 0,
                                "conditional_logic": 0,
                                "wrapper": {
                                    "width": "",
                                    "class": "",
                                    "id": ""
                                },
                                "min": "",
                                "max": "",
                                "insert": "append",
                                "library": "all",
                                "min_width": "",
                                "min_height": "",
                                "min_size": "",
                                "max_width": "",
                                "max_height": "",
                                "max_size": "",
                                "mime_types": ""
                            }
                        ],
                        "min": "",
                        "max": ""
                    },
                    "59ee6a1a3e305": {
                        "key": "59ee6a1a3e305",
                        "name": "photo_gallery",
                        "label": "Photo Gallery",
                        "display": "block",
                        "sub_fields": [
                            {
                                "key": "field_59ee6a1a3e306",
                                "label": "photos",
                                "name": "photo_gallery",
                                "type": "gallery",
                                "value": null,
                                "instructions": "Select Images to be shown in the gallery",
                                "required": 0,
                                "conditional_logic": 0,
                                "wrapper": {
                                    "width": "",
                                    "class": "",
                                    "id": ""
                                },
                                "min": "",
                                "max": "",
                                "insert": "append",
                                "library": "all",
                                "min_width": "",
                                "min_height": "",
                                "min_size": "",
                                "max_width": "",
                                "max_height": "",
                                "max_size": "",
                                "mime_types": ""
                            }
                        ],
                        "min": "",
                        "max": ""
                    },
                    "59ee69e93e304": {
                        "key": "59ee69e93e304",
                        "name": "mission_statement",
                        "label": "Mission Statement",
                        "display": "block",
                        "sub_fields": [
                            {
                                "key": "field_59ee6cc56a930",
                                "label": "Subtitle",
                                "name": "mission_statement_subtitle",
                                "type": "text",
                                "value": null,
                                "instructions": "",
                                "required": 1,
                                "conditional_logic": 0,
                                "wrapper": {
                                    "width": "",
                                    "class": "",
                                    "id": ""
                                },
                                "default_value": "Mission statement, something short",
                                "placeholder": "",
                                "prepend": "",
                                "append": "",
                                "maxlength": 35
                            },
                            {
                                "key": "field_59ee6d596a931",
                                "label": "Body Text",
                                "name": "missionStatement_body_text",
                                "type": "wysiwyg",
                                "value": null,
                                "instructions": "",
                                "required": 1,
                                "conditional_logic": 0,
                                "wrapper": {
                                    "width": "",
                                    "class": "",
                                    "id": ""
                                },
                                "default_value": "",
                                "tabs": "all",
                                "toolbar": "full",
                                "media_upload": 1,
                                "delay": 0
                            },
                            {
                                "key": "field_59ee6de96a932",
                                "label": "Nav Link One Text",
                                "name": "nav_link_one_text",
                                "type": "text",
                                "value": null,
                                "instructions": "",
                                "required": 1,
                                "conditional_logic": 0,
                                "wrapper": {
                                    "width": "",
                                    "class": "",
                                    "id": ""
                                },
                                "default_value": "",
                                "placeholder": "Nav 1",
                                "prepend": "",
                                "append": "",
                                "maxlength": ""
                            },
                            {
                                "key": "field_59ee6e566a933",
                                "label": "Nav Link one location",
                                "name": "nav_link_one_location",
                                "type": "page_link",
                                "value": null,
                                "instructions": "",
                                "required": 0,
                                "conditional_logic": 0,
                                "wrapper": {
                                    "width": "",
                                    "class": "",
                                    "id": ""
                                },
                                "post_type": [],
                                "taxonomy": [],
                                "allow_null": 0,
                                "allow_archives": 1,
                                "multiple": 0
                            },
                            {
                                "key": "field_59ee6ed56a934",
                                "label": "Nav Link Two Text",
                                "name": "nav_link_two_text",
                                "type": "text",
                                "value": null,
                                "instructions": "",
                                "required": 0,
                                "conditional_logic": 0,
                                "wrapper": {
                                    "width": "",
                                    "class": "",
                                    "id": ""
                                },
                                "default_value": "",
                                "placeholder": "Nav 2",
                                "prepend": "",
                                "append": "",
                                "maxlength": ""
                            },
                            {
                                "key": "field_59ee6f1b6a935",
                                "label": "Nav link Two Location",
                                "name": "nav_link_two_location",
                                "type": "page_link",
                                "value": null,
                                "instructions": "",
                                "required": 0,
                                "conditional_logic": 0,
                                "wrapper": {
                                    "width": "",
                                    "class": "",
                                    "id": ""
                                },
                                "post_type": [],
                                "taxonomy": [],
                                "allow_null": 0,
                                "allow_archives": 1,
                                "multiple": 0
                            },
                            {
                                "key": "field_59ee6f4b6a937",
                                "label": "Nav Link Three Text",
                                "name": "nav_link_three_text",
                                "type": "text",
                                "value": null,
                                "instructions": "",
                                "required": 0,
                                "conditional_logic": 0,
                                "wrapper": {
                                    "width": "",
                                    "class": "",
                                    "id": ""
                                },
                                "default_value": "",
                                "placeholder": "Nav 2",
                                "prepend": "",
                                "append": "",
                                "maxlength": ""
                            },
                            {
                                "key": "field_59ee6f786a938",
                                "label": "Nav link Three Location",
                                "name": "nav_link_three_location",
                                "type": "page_link",
                                "value": null,
                                "instructions": "",
                                "required": 0,
                                "conditional_logic": 0,
                                "wrapper": {
                                    "width": "",
                                    "class": "",
                                    "id": ""
                                },
                                "post_type": [],
                                "taxonomy": [],
                                "allow_null": 0,
                                "allow_archives": 1,
                                "multiple": 0
                            }
                        ],
                        "min": "",
                        "max": ""
                    }
                },
                "button_label": "Add Row",
                "min": "",
                "max": ""
            },
            {
                "key": "field_5a02279589206",
                "label": "Project Grid Layout",
                "name": "project_grid_layout",
                "type": "repeater",
                "value": null,
                "instructions": "Add as many projects as you want!",
                "required": 0,
                "conditional_logic": 0,
                "wrapper": {
                    "width": "",
                    "class": "",
                    "id": ""
                },
                "collapsed": "",
                "min": 0,
                "max": 0,
                "layout": "table",
                "button_label": "",
                "sub_fields": [
                    {
                        "key": "field_5a0227b389207",
                        "label": "Project Text",
                        "name": "repeat_text",
                        "type": "textarea",
                        "value": null,
                        "instructions": "",
                        "required": 0,
                        "conditional_logic": 0,
                        "wrapper": {
                            "width": "",
                            "class": "",
                            "id": ""
                        },
                        "default_value": "",
                        "placeholder": "",
                        "maxlength": "",
                        "rows": "",
                        "new_lines": ""
                    },
                    {
                        "key": "field_5a022881e676a",
                        "label": "Project Image",
                        "name": "repeat_image",
                        "type": "image",
                        "value": null,
                        "instructions": "",
                        "required": 0,
                        "conditional_logic": 0,
                        "wrapper": {
                            "width": "",
                            "class": "",
                            "id": ""
                        },
                        "return_format": "url",
                        "preview_size": "thumbnail",
                        "library": "all",
                        "min_width": "",
                        "min_height": "",
                        "min_size": "",
                        "max_width": "",
                        "max_height": "",
                        "max_size": "",
                        "mime_types": ""
                    },
                    {
                        "key": "field_5a022cfddf069",
                        "label": "Project Title",
                        "name": "repeat_title",
                        "type": "text",
                        "value": null,
                        "instructions": "",
                        "required": 0,
                        "conditional_logic": 0,
                        "wrapper": {
                            "width": "",
                            "class": "",
                            "id": ""
                        },
                        "default_value": "",
                        "placeholder": "",
                        "prepend": "",
                        "append": "",
                        "maxlength": ""
                    },
                    {
                        "key": "field_5a022d0edf06a",
                        "label": "Project Date",
                        "name": "repeat_date",
                        "type": "date_picker",
                        "value": null,
                        "instructions": "",
                        "required": 0,
                        "conditional_logic": 0,
                        "wrapper": {
                            "width": "",
                            "class": "",
                            "id": ""
                        },
                        "display_format": "m\/d\/Y",
                        "return_format": "m\/d\/Y",
                        "first_day": 1
                    }
                ]
            }
        ],
        "location": [
            [
                {
                    "param": "page_template",
                    "operator": "==",
                    "value": "project_page.php"
                }
            ]
        ],
        "menu_order": 0,
        "position": "normal",
        "style": "default",
        "label_placement": "top",
        "instruction_placement": "label",
        "hide_on_screen": "",
        "active": 1,
        "description": ""
    }
]